﻿<?xml version="1.0" encoding="utf-8" ?>
<Root>
  <SingleMainForm>
    
  </SingleMainForm>
  <AddConnect>
    <SerialConnect>COM1:406800</SerialConnect>
    <TcpConnect>192.168.1.116:9090</TcpConnect>
    <_485Connect>1:COM1:115200</_485Connect>
  </AddConnect>
  <ReadTag_Param>
    <tb_04_01>4</tb_04_01>
    <tb_04_00>0</tb_04_00>
    <tb_03_01>6</tb_03_01>
    <tb_03_00>0</tb_03_00>
    <chk_04>False</chk_04>
    <chk_03>False</chk_03>
    <tb_02_01>6</tb_02_01>
    <cb_02_00>0</cb_02_00>
    <chk_02>False</chk_02>
    <tb_01_02>
    </tb_01_02>
    <tb_01_01>0</tb_01_01>
    <cb_01_00>0</cb_01_00>
    <chk_01>False</chk_01>
    <tb_0010_40_03>
    </tb_0010_40_03>
    <tb_0010_40_02>
    </tb_0010_40_02>
    <tb_0010_40_01>
    </tb_0010_40_01>
    <cb_0010_40_00>-1</cb_0010_40_00>
  </ReadTag_Param>
  <SettingGPI_ReadParam_0>
  </SettingGPI_ReadParam_0>
  <SettingGPI_ReadParam_1>
  </SettingGPI_ReadParam_1>
  <SettingGPI_ReadParam_2>
  </SettingGPI_ReadParam_2>
  <!-- 自定义命令保存 -->
  <SettingGPI>
    <Command_0>021000020101</Command_0>
    <Command_1>021000050101020006</Command_1>
    <Command_2>021000020301</Command_2>
    <Command_3>021000050301020006</Command_3>
    <Command_4>021000020701</Command_4>
    <Command_5>021000050F01020006</Command_5>
  </SettingGPI>
  <ToolsSetGPO>
    
  </ToolsSetGPO>
</Root>
